id,xpos,ypos,stoppoint
n_id0,0.0,0.7460551713965156,-1
n_id1,0.0126343081892253,0.7004681764798582,-1
n_id2,0.0131726395816438,0.6986874467123556,-1
n_id3,0.0294214585484915,0.6965505722041222,-1
n_id4,0.0515589637670015,0.6965505722041222,-1
n_id5,0.0645777943793863,0.7011804686441312,-1
n_id6,0.0934059897607464,0.7161386380566591,-1
n_id7,0.1259585594691546,0.7385760137466721,-1
n_id8,0.1489200413086966,0.7481920765589124,-1
n_id9,0.6836588956515752,0.6677028958565566,-1
n_id10,0.656555557996969,0.6937014082521114,-1
n_id11,0.638384126914384,0.7111525743811256,11
n_id12,0.6090835182702947,0.7421375153674263,-1
n_id13,0.0575904726330187,0.6815924876994264,-1
n_id14,0.059205466810238,0.6755380433558729,-1
n_id15,0.0529762035551769,0.6445537003527124,-1
n_id16,0.0774208433125958,0.6335133694948394,-1
n_id17,0.0881874711608089,0.6331572303775951,-1
n_id18,0.1398672848322367,0.7389321637429349,-1
n_id19,0.1388675265320413,0.7350145158008099,-1
n_id20,0.1192349102414599,0.7204124126546766,-1
n_id21,0.092878644723244,0.7001120304527666,-1
n_id22,0.0817165080969674,0.6929891176316401,-1
n_id23,0.0751796269033883,0.6890715218472379,-1
n_id24,0.0632923908505412,0.6837293529448487,-1
n_id25,0.0403199226560712,0.6780310485636927,-1
n_id26,0.0316736613126512,0.6758941868475047,-1
n_id27,0.0092065654457067,0.6712643243330287,-1
n_id28,0.1194216782755877,0.6716204673826065,-1
n_id29,0.1355057019182241,0.6228292119735994,-1
n_id30,0.1474808288106287,0.5868594581287419,-1
n_id31,0.1759025290588887,0.7428498161331232,-1
n_id32,0.1775065368811919,0.7382198637868238,-1
n_id33,0.1551163454988889,0.7289599777295139,-1
n_id34,0.1324954406626975,0.7104402801581677,-1
n_id35,0.1319571092702791,0.7086595452448001,-1
n_id36,0.1324954406626975,0.7058103712949151,-1
n_id37,0.1439212498077555,0.6716204673826065,-1
n_id38,0.2441497659906343,0.6666344680310213,38
n_id39,0.2008635274988335,0.7891496812586078,-1
n_id40,0.1837358001362409,0.6424168593652191,-1
n_id41,0.2708795675770575,0.6780310485636927,-1
n_id42,0.3081013381380084,0.587571726842978,-1
n_id43,0.2938520357715878,0.6224730739585262,-1
n_id44,0.288721408011232,0.6352940656306648,-1
n_id45,0.2860627101140566,0.641704579330334,-1
n_id46,0.2835138757662949,0.6477589643141555,-1
n_id47,0.2804706554459358,0.6552379251343425,-1
n_id48,0.2266155434949778,0.8023274487430426,-1
n_id49,0.2982026323306482,0.8379432883381124,-1
n_id50,0.3130781569290811,0.8212037979442119,-1
n_id51,0.3184285117883491,0.8133683197037657,-1
n_id52,0.320746632682186,0.8101629019138573,-1
n_id53,0.3300740480323554,0.798409728829095,-1
n_id54,0.3303926523257895,0.7976974165953978,-1
n_id55,0.344367295818609,0.7716981206886413,-1
n_id56,0.3522335259607336,0.7467674729701043,-1
n_id57,0.358276021181667,0.712221015990364,-1
n_id58,0.3581551712772648,0.7026050534130376,-1
n_id59,0.3579903759530777,0.6890715218472379,-1
n_id60,0.3353474984069576,0.7400006139531738,-1
n_id61,0.3087934784996979,0.7296722757747152,-1
n_id62,0.2911164333896985,0.7246861925446402,-1
n_id63,0.2888092988508258,0.7239738955292048,-1
n_id64,0.2817560589747568,0.7250423411084616,-1
n_id65,0.2757794818835248,0.7286038287621701,-1
n_id66,0.2705060315088743,0.7332337682063339,-1
n_id67,0.2665289710179971,0.7410690644953766,-1
n_id68,0.2655621717826342,0.7474797746910444,-1
n_id69,0.265814857946403,0.7531781937526283,-1
n_id70,0.2684735558436388,0.7613696876383501,-1
n_id71,0.2713519808398228,0.7677804355474969,-1
n_id72,0.2935004724132248,0.7873689057283468,-1
n_id73,0.3304256113906462,0.8286831346814227,-1
n_id74,0.3592757794818625,0.8140806351711478,-1
n_id75,0.3654830700270191,0.8147929507879983,-1
n_id76,0.3775460877589813,0.8162175824595193,-1
n_id77,0.3976071718925071,0.8169298985167301,-1
n_id78,0.4055722792291657,0.8165737404699175,-1
n_id79,0.4150644899035342,0.8151491086501983,-1
n_id80,0.4232712970490576,0.8133683197037657,-1
n_id81,0.4304344004745887,0.8112313741797997,-1
n_id82,0.4385862758454111,0.8083821155405688,-1
n_id83,0.4516380655226045,0.8030397619319831,-1
n_id84,0.4623277888862003,0.798409728829095,-1
n_id85,0.4671288259981215,0.795916636653488,-1
n_id86,0.4720397266594688,0.7934235462803946,-1
n_id87,0.4766320230273699,0.7909304577072742,-1
n_id88,0.4811254422007733,0.7884373709358206,-1
n_id89,0.4845312122343754,0.786656595773938,-1
n_id90,0.4951550174683059,0.782738893650973,-1
n_id91,0.5046472281426262,0.7795335043125793,-1
n_id92,0.5133484212607833,0.7756158102770021,-1
n_id93,0.520181934037928,0.7716981206886413,-1
n_id94,0.5252686163784388,0.7681365885576876,-1
n_id95,0.5292127178044593,0.7649312127840873,-1
n_id96,0.5332886554898826,0.7613696876383501,-1
n_id97,0.537990815407282,0.7563835586095256,-1
n_id98,0.5437916108193265,0.7496166807367024,-1
n_id99,0.5474280943068532,0.7439182675560467,-1
n_id100,0.549834106040296,0.7385760137466721,-1
n_id101,0.5537672211113522,0.7268230844754779,-1
n_id102,0.5362220122607435,0.8322447293003608,-1
n_id103,0.5332447100700978,0.829751612680942,-1
n_id104,0.5288611544461566,0.8272584978619196,-1
n_id105,0.5237964448155141,0.8265461796736185,-1
n_id106,0.517347454461565,0.8279708161979955,-1
n_id107,0.4895739491551374,0.8347378477210229,-1
n_id108,0.4825097229241524,0.7806019670938367,-1
n_id109,0.481520950978885,0.7766842718451513,-1
n_id110,0.4808178242622554,0.7731227345691795,-1
n_id111,0.4797411614774425,0.7635066022850086,-1
n_id112,0.479147898310311,0.7567397104434461,-1
n_id113,0.4789940893410279,0.7535343452567019,-1
n_id114,0.4792687482147253,0.7492605296365747,-1
n_id115,0.480598097163307,0.7400006139531738,-1
n_id116,0.4830150952516659,0.7239738955292048,-1
n_id117,0.4848608028827857,0.7118648687505877,-1
n_id118,0.4145261585110916,0.8026836053193057,-1
n_id119,0.4145041858012233,0.7944920133623639,-1
n_id120,0.4148227900946934,0.7895058364744114,-1
n_id121,0.415525916811287,0.7841635120892412,-1
n_id122,0.4168992111797138,0.7777527337452644,-1
n_id123,0.4184153281624112,0.7720542741032015,-1
n_id124,0.4207773944760572,0.7649312127840873,-1
n_id125,0.4232603106941174,0.7592327743153133,-1
n_id126,0.4258091450418789,0.7549589516379877,-1
n_id127,0.4287534881677041,0.7510412855013575,-1
n_id128,0.4316099404539475,0.7492605296365747,-1
n_id129,0.4336314297642308,0.7481920765589124,-1
n_id130,0.4341038430269359,0.7478359256065594,-1
n_id131,0.4388609347190724,0.7464113221646793,-1
n_id132,0.4437278899606589,0.7460551713965156,-1
n_id133,0.4499901122805405,0.7467674729701043,-1
n_id134,0.4588341280130044,0.7489043785737084,-1
n_id135,0.4711278591988551,0.7521097394610109,-1
n_id136,0.4746984245567166,0.7528220422849691,-1
n_id137,0.3992770978444635,0.7150701952334656,-1
n_id138,0.3953000373536224,0.7193439685082847,-1
n_id139,0.3900046142690915,0.7261107870188354,-1
n_id140,0.3845773549251579,0.7339460671339495,-1
n_id141,0.3815341346047868,0.7389321637429349,-1
n_id142,0.3784579552196192,0.7446305686888517,-1
n_id143,0.3759860253564991,0.7499728318719743,-1
n_id144,0.3740524268858096,0.7546027999882563,-1
n_id145,0.3703829843334503,0.7649312127840873,-1
n_id146,0.3686361538968644,0.7713419673096485,-1
n_id147,0.3674716002724336,0.7781088877847977,-1
n_id148,0.3664828283272145,0.7863004408511435,-1
n_id149,0.3660214014194255,0.7966289485196537,-1
n_id150,0.3656478653512062,0.8098067445661168,-1
n_id151,0.4998791500955616,0.8842444293701065,-1
n_id152,0.5029443431258492,0.8870937506480605,-1
n_id153,0.5281140823097299,0.9084637352284166,-1
n_id154,0.5387378875436846,0.8343816878365524,-1
n_id155,0.5396827140690947,0.8350940076423311,-1
n_id156,0.542736920744418,0.8361624876272828,-1
n_id157,0.5478565621497975,0.8358063275967313,-1
n_id158,0.5598646481070468,0.832957048665779,-1
n_id159,0.5608863791171106,0.832600888964651,-1
n_id160,0.5728395332996469,0.8286831346814227,-1
n_id161,0.5758278218452448,0.8261900206343014,-1
n_id162,0.5778053657357674,0.824053067170299,-1
n_id163,0.5790248511348749,0.8212037979442119,-1
n_id164,0.5803981455032896,0.8158614244868057,-1
n_id165,0.580475049987895,0.8130121620240611,-1
n_id166,0.5797938959811819,0.8094505872547906,-1
n_id167,0.5770582935993528,0.8041082319918895,-1
n_id168,0.5750807497088423,0.8012589792335868,-1
n_id169,0.5728175605897544,0.7994781974552896,-1
n_id170,0.5714991979960526,0.8717786764395644,-1
n_id171,0.5963063874667747,0.7570958623150513,-1
n_id172,0.5999099118894086,0.7592327743153133,-1
n_id173,0.6050075805849077,0.7624381447961208,-1
n_id174,0.608731954912016,0.766355823871301,-1
n_id175,0.6113467073894188,0.7713419673096485,-1
n_id176,0.6151919316208934,0.7966289485196537,-1
n_id177,0.6223989804662575,0.843641856785603,-1
n_id178,0.6115444617784747,0.7460551713965156,-1
n_id179,0.6160378809518539,0.7542466483736692,-1
n_id180,0.617543011579599,0.7574520142239178,-1
n_id181,0.6209817406780579,0.766355823871301,-1
n_id182,0.6269363450594215,0.7863004408511435,-1
n_id183,0.6289578343697169,0.7973412605331708,-1
n_id184,0.6309903100349042,0.8162175824595193,-1
n_id185,0.6315286414273227,0.8219161150303418,-1
n_id186,0.6324844543077333,0.8365186476959424,-1
n_id187,0.6329568675704866,0.8411487319310218,-1
n_id188,0.6338687350310762,0.7050980781758222,-1
n_id189,0.6297598382808445,0.7015366147813127,-1
n_id190,0.6242666608072577,0.6972628635600799,-1
n_id191,0.6074245786732545,0.6837293529448487,-1
n_id192,0.5802553228889468,0.6616484758831391,-1
n_id193,0.5591834941003335,0.6445537003527124,-1
n_id194,0.4119883105183184,0.686222364070011,-1
n_id195,0.4123179011667528,0.6758941868475047,-1
n_id196,0.4126584781701035,0.6680590385390264,-1
n_id197,0.4132627276922113,0.6609361918778123,-1
n_id198,0.4138010590846297,0.6555940665304518,-1
n_id199,0.4147898310298729,0.6466905426621339,-1
n_id200,0.4153721078420521,0.6427729994381302,-1
n_id201,0.4166355386610048,0.6367186232018135,-1
n_id202,0.4184702599371603,0.628527425201851,-1
n_id203,0.4200413086945708,0.6221169359811378,-1
n_id204,0.4237766693766435,0.6096521299198311,-1
n_id205,0.4259080222363527,0.603241675762813,-1
n_id206,0.4277427435125324,0.5986119107216832,-1
n_id207,0.4303135505701864,0.5929137468904335,-1
n_id208,0.4328074531431627,0.5872155924672293,-1
n_id209,0.4361582914020638,0.5797367790674174,-1
n_id210,0.4425084045615152,0.5690527880383911,-1
n_id211,0.444859484520245,0.565135332949553,-1
n_id212,0.4467491375711376,0.5622862774959878,-1
n_id213,0.4513194612291222,0.5551636491531697,-1
n_id214,0.4855089978246785,0.5045934106394224,214
n_id215,0.459482322954885,0.6548817837759179,-1
n_id216,0.4620751027224072,0.6555940665304518,-1
n_id217,0.464272373711842,0.655950207963399,-1
n_id218,0.466030190503368,0.6552379251343425,-1
n_id219,0.4671947441277867,0.6538133599191305,-1
n_id220,0.4676451846805994,0.6520326542270615,-1
n_id221,0.4676341983256833,0.6498958086085859,-1
n_id222,0.4661949858275913,0.64384141987662,-1
n_id223,0.4654149546263562,0.641348439367513,-1
n_id224,0.4641295510975353,0.6395677401072459,-1
n_id225,0.4616576212344152,0.6370747626870128,-1
n_id226,0.4501109621849549,0.6274590095044333,-1
n_id227,0.4411351101931245,0.6203362466442226,-1
n_id228,0.4394761705961083,0.6185555582265596,-1
n_id229,0.4383226033266298,0.6164187333376254,-1
n_id230,0.4369053635384784,0.6125012244786681,-1
n_id231,0.4359715233679482,0.6107205401042757,-1
n_id232,0.4347959833886374,0.6085837200673505,-1
n_id233,0.4323570125903501,0.6068030377126878,-1
n_id234,0.4458812155303088,0.5868594581287419,-1
n_id235,0.4579552196172474,0.5690527880383911,-1
n_id236,0.3245479114938878,0.6908522466522176,-1
n_id237,0.3249544066269518,0.6769626175400401,-1
n_id238,0.3256575333436057,0.6659221829967756,-1
n_id239,0.3262837555755455,0.655950207963399,-1
n_id240,0.327272527520837,0.6463344021848534,-1
n_id241,0.3286677945991321,0.6356502049685129,-1
n_id242,0.329436839445427,0.6299519799792518,-1
n_id243,0.3296455801894231,0.6281712865990661,-1
n_id244,0.3310078882028494,0.6196239711674908,-1
n_id245,0.3322932917316704,0.6132134984856972,-1
n_id246,0.3349300169189535,0.6025294038136219,-1
n_id247,0.3365889565160179,0.5957628276299998,-1
n_id248,0.3371712333281972,0.5936260168546156,-1
n_id249,0.3396541495462574,0.5854349211402067,-1
n_id250,0.3429940014501943,0.5754631786861275,-1
n_id251,0.3459822899958404,0.5672721260829995,-1
n_id252,0.3498604732921355,0.5569443048601017,-1
n_id253,0.3533761068752479,0.5483971658436684,-1
n_id254,0.3606710465601576,0.533439723503385,-1
n_id255,0.3660983059040912,0.5231120035324641,-1
n_id256,0.369185471644211,0.5177700915375895,-1
n_id257,0.3730197095207815,0.5120720611910028,-1
n_id258,0.3753707894794391,0.5095791758742596,-1
n_id259,0.3776559513084434,0.507798544605635,-1
n_id260,0.3804464854650337,0.5060179142566861,-1
n_id261,0.3834237876557397,0.505305662374802,-1
n_id262,0.3867526532047002,0.505305662374802,-1
n_id263,0.3897848871701432,0.5060179142566861,-1
n_id264,0.3929929028147014,0.507798544605635,-1
n_id265,0.3966623453670487,0.510647555074694,-1
n_id266,0.4044626573795202,0.5170578372303359,-1
n_id267,0.4365647865351157,0.5430552147083777,-1
n_id268,0.3778537056974993,0.5818735812422247,-1
n_id269,0.501439212498092,0.5177700915375895,-1
n_id270,0.5030322339653828,0.5006760287228124,-1
n_id271,0.5034167563885663,0.4946219017804334,-1
n_id272,0.5035815517127775,0.492841278230818,-1
n_id273,0.5038342378765464,0.4899922824625975,-1
n_id274,0.5059546043813397,0.4654197915845101,-1
n_id275,0.507470721364037,0.4479698680762652,-1
n_id276,0.5075036804289178,0.4476137481062289,-1
n_id277,0.508031025466384,0.4404913564397534,-1
n_id278,0.508964865636842,0.4301639146347443,-1
n_id279,0.5118652633429184,0.399537889623184,-1
n_id280,0.5145569203049747,0.3685560245926522,-1
n_id281,0.5150293335676799,0.3649949085031744,-1
n_id282,0.5157214739293934,0.361433796089012,-1
n_id283,0.5170068774582024,0.3578726873501651,-1
n_id284,0.5187976533145731,0.3546676926259039,-1
n_id285,0.5211047878534578,0.3514627008783095,-1
n_id286,0.5237524993957292,0.3482577121082287,-1
n_id287,0.5337940278174323,0.3357938951852489,-1
n_id288,0.5551295291248268,0.3094419733173856,-1
n_id289,0.5012084990442036,0.4219732069019632,-1
n_id290,0.4931884599327356,0.4137825186098225,-1
n_id291,0.4890795631824918,0.4091530077404683,-1
n_id292,0.4837841400979609,0.4034551567336093,-1
n_id293,0.4828063545076819,0.4020306954514915,-1
n_id294,0.4821142141460165,0.4002501196758961,-1
n_id295,0.482246050405371,0.3977573151343724,-1
n_id296,0.4828612862824311,0.3952645123919749,-1
n_id297,0.4839818944870168,0.3934839401079291,-1
n_id298,0.4844652941047102,0.3927717114525144,-1
n_id299,0.4951330447583774,0.3810199598421592,-1
n_id300,0.4952978400826127,0.3810199598421592,-1
n_id301,0.5058007954120927,0.369624360135166,-1
n_id302,0.5083386434048659,0.3667754660884988,-1
n_id303,0.5110852321416712,0.3639265743935257,-1
n_id304,0.5311023708553881,0.5419868254732314,-1
n_id305,0.5395618641646924,0.5295223088421701,-1
n_id306,0.5457361956450044,0.5206191102396938,-1
n_id307,0.550306519302989,0.5134965678958701,-1
n_id308,0.5523170222583321,0.5102914286381348,-1
n_id309,0.5567555096569863,0.5031689076098704,-1
n_id310,0.5612928742501746,0.4956902763520026,-1
n_id311,0.5628639230076331,0.4921290290690061,-1
n_id312,0.5643690536353421,0.4885677854596314,-1
n_id313,0.5654567027751554,0.4853626693546897,-1
n_id314,0.5672804376963467,0.4803769391081782,-1
n_id315,0.5701698490474709,0.4721861121960951,-1
n_id316,0.5711256619278695,0.4696932556903531,-1
n_id317,0.5748720089648824,0.4590096053486736,-1
n_id318,0.5758278218452448,0.4561606375107334,-1
n_id319,0.5768165937905241,0.4536677925809649,-1
n_id320,0.5792665509437277,0.4469015082787867,-1
n_id321,0.581760453516704,0.4401352372428881,-1
n_id322,0.5851222781305333,0.4305200328022671,-1
n_id323,0.5884181846147094,0.4216170896155845,-1
n_id324,0.5930544264024196,0.4087968917764411,-1
n_id325,0.5964492100810694,0.3991817746516612,-1
n_id326,0.5997451165651974,0.3899227982959007,-1
n_id327,0.6021071828788311,0.383156638976466,-1
n_id328,0.6046450308716527,0.3760343803398968,-1
n_id329,0.6054690074926605,0.3738977056163918,-1
n_id330,0.6079189646459002,0.3671315777153998,-1
n_id331,0.610478785348602,0.360009352152012,-1
n_id332,0.6112368438399567,0.3578726873501651,-1
n_id333,0.6142580914504234,0.3496821511949133,-1
n_id334,0.6159719628221405,0.3446966169655084,-1
n_id335,0.6170815846718463,0.3418477434976441,-1
n_id336,0.6229373118586519,0.3261789814578465,-1
n_id337,0.6238931247390744,0.3243984448188561,-1
n_id338,0.6254861462063773,0.3222618020646678,-1
n_id339,0.6272988947726765,0.3208373742956684,-1
n_id340,0.6296609610863104,0.3194129471160745,-1
n_id341,0.6322757135637493,0.3190568404131647,-1
n_id342,0.6364395420887423,0.3187007337470927,-1
n_id343,0.5961965239173006,0.4355056910202173,-1
n_id344,0.6082815143591311,0.4408474756747267,-1
n_id345,0.6202126958317751,0.4461892685970021,-1
n_id346,0.6268045088000911,0.4490382282035906,-1
n_id347,0.6290017797894776,0.4501065886633034,-1
n_id348,0.6387576629825672,0.4543800338057044,-1
n_id349,0.6422183647909184,0.4558045166955439,-1
n_id350,0.6450858034321503,0.4568728792490856,-1
n_id351,0.653270637867733,0.4604340901498464,-1
n_id352,0.6598404781261566,0.4629269399667682,-1
n_id353,0.6636527432927987,0.4632830615170209,-1
n_id354,0.6724418272505737,0.4629269399667682,-1
n_id355,0.6826371646415357,0.4625708184542003,-1
n_id356,0.7154534068686529,0.4615024541366764,-1
n_id357,0.7464898595943759,0.4607902114422342,-1
n_id358,0.7789874975280349,0.4597218476755843,-1
n_id359,0.7996308584737278,0.4590096053486736,-1
n_id360,0.8027949286985736,0.4586534842400516,-1
n_id361,0.6527872382500877,0.6406361595532314,-1
n_id362,0.6642130473950976,0.6235414881125656,-1
n_id363,0.666652018193385,0.6199801088874377,-1
n_id364,0.6714091098855094,0.6128573614639754,-1
n_id365,0.6830326734195871,0.596118962887316,-1
n_id366,0.6853727670233406,0.5925576119629641,-1
n_id367,0.6869218430708706,0.5900646685025611,-1
n_id368,0.6883720419239149,0.5879278612564114,-1
n_id369,0.6910746852409355,0.5843665187848616,-1
n_id370,0.6934147788446288,0.5815174474537642,-1
n_id371,0.6959636131923903,0.5790245119693885,-1
n_id372,0.6992814923864589,0.5761754450486698,-1
n_id373,0.7056975236755754,0.5711895835980539,-1
n_id374,0.7124101865483059,0.5654914650464367,-1
n_id375,0.7156291885478284,0.5629985411388814,-1
n_id376,0.7246929313792285,0.5551636491531697,-1
n_id377,0.7355913954867599,0.5451919941703282,-1
n_id378,0.7446771110280644,0.5377132718425468,-1
n_id379,0.7551800663575444,0.5288100521082768,-1
n_id380,0.7591900859132664,0.5256048986269013,-1
n_id381,0.7627386785611873,0.5241803869235202,-1
n_id382,0.7664410801783912,0.5231120035324641,-1
n_id383,0.7703192634747225,0.5231120035324641,-1
n_id384,0.7733405110852012,0.5231120035324641,-1
n_id385,0.7773615169958513,0.5227558758086978,-1
n_id386,0.7889631078200968,0.5227558758086978,-1
n_id387,0.8051679813671114,0.5231120035324641,-1
n_id388,0.8206697281975687,0.5530268635168587,-1
n_id389,0.8167475994814405,0.5469726447322418,-1
n_id390,0.8132649249631487,0.5402061774844619,-1
n_id391,0.8090571510183949,0.5330835947142852,-1
n_id392,0.8067170574146776,0.5273855390829678,-1
n_id393,0.8043879501658643,0.518838473275177,-1
n_id394,0.8040803322273343,0.5145649483106828,-1
n_id395,0.8038606051283981,0.5070862923557959,-1
n_id396,0.8037727142888524,0.5035250333126369,-1
n_id397,0.8036848234492707,0.4992515273107379,-1
n_id398,0.8027729559886209,0.4558045166955439,-1
n_id399,0.8027070378589798,0.4476137481062289,-1
n_id400,0.80302564215245,0.4105774719615682,-1
n_id401,0.8033991782206331,0.4080846599597469,-1
n_id402,0.8040693458723821,0.4063040810601334,-1
n_id403,0.8052778449166097,0.4045235030806189,-1
n_id404,0.8071894706774068,0.4034551567336093,-1
n_id405,0.8212410186548077,0.4582973631691143,-1
n_id406,0.8219880907912223,0.4625708184542003,-1
n_id407,0.7084331260574045,0.3251106593641082,-1
n_id408,0.7107073015314567,0.3251106593641082,-1
n_id409,0.7125420228076362,0.3240423376006401,-1
n_id410,0.7140581397903457,0.3222618020646678,-1
n_id411,0.7148711300564736,0.3197690538562454,-1
n_id412,0.7152336797697045,0.3179885205233453,-1
n_id413,0.7156731339675891,0.3122908200346274,-1
n_id414,0.7167278240425217,0.3037442869375601,-1
n_id415,0.7183208455098846,0.292705046348045,-1
n_id416,0.719166794840761,0.2870073876021035,-1
n_id417,0.721276174990638,0.2741876898171508,-1
n_id418,0.7221221243215744,0.2702705694369204,-1
n_id419,0.7229790600074872,0.2667095547675185,-1
n_id420,0.7236712003691286,0.2638607456782242,-1
n_id421,0.7255388807101287,0.2578070341709787,-1
n_id422,0.7277800971193603,0.2513972335612655,-1
n_id423,0.7301641361428987,0.2446313458332469,-1
n_id424,0.7336577970160825,0.2343044901390085,-1
n_id425,0.7441607523455986,0.205816772564963,-1
n_id426,0.745523060359025,0.201899729788087,-1
n_id427,0.7509173606380778,0.1869437891740787,-1
n_id428,0.7532574542418313,0.1801780278074705,-1
n_id429,0.7628485421106734,0.1534712045631769,-1
n_id430,0.7675836610929054,0.1402959145593527,-1
n_id431,0.7713190217749541,0.129969371069613,-1
n_id432,0.7776471622245009,0.1125211436614437,-1
n_id433,0.7882380083935506,0.0836783489381592,-1
n_id434,0.7903913339632005,0.0783371171086806,-1
n_id435,0.7947199578123806,0.0662303555679811,-1
n_id436,0.7962690338599105,0.0612452308068266,-1
n_id437,0.7977192327129669,0.0555479541840261,-1
n_id438,0.7992133769857478,0.0494946080776597,-1
n_id439,0.7891828349190331,0.1171502566211606,-1
n_id440,0.8038935641932788,0.1228476349418029,-1
n_id441,0.8144844103623285,0.1278328486883573,-1
n_id442,0.8176155215222694,0.1296132839144698,-1
n_id443,0.8214937048185765,0.1317498073974733,-1
n_id444,0.8280195996572154,0.1363789461496056,-1
n_id445,0.8327547186394595,0.1417202678109077,-1
n_id446,0.8368526290347029,0.1477737756866228,-1
n_id447,0.8401595218738191,0.1552516530161909,-1
n_id448,0.8420052295049391,0.1620173655159233,-1
n_id449,0.8421480521192217,0.1637978183771987,-1
n_id450,0.8423567928632177,0.166646544866742,-1
n_id451,0.8420491749246998,0.1730561880670976,-1
n_id452,0.8407857441058194,0.1801780278074705,-1
n_id453,0.8400936037441178,0.1826706751886095,-1
n_id454,0.8373470150073365,0.1929973763764816,-1
n_id455,0.8338533541341647,0.2040362980248309,-1
n_id456,0.9601964360264668,0.226114247250642,-1
n_id457,0.9534288413789872,0.2257581501746876,-1
n_id458,0.9412230010326822,0.2254020531351476,-1
n_id459,0.928083320515907,0.2250459561332922,-1
n_id460,0.9270835622157236,0.2250459561332922,-1
n_id461,0.9237656830216672,0.2246898591670045,-1
n_id462,0.9175693788314868,0.2246898591670045,-1
n_id463,0.910164575597091,0.2243337622384015,-1
n_id464,0.9090110083276124,0.2239776653457894,-1
n_id465,0.9062863923007236,0.2236215684904385,-1
n_id466,0.9004086924040134,0.2232654716719256,-1
n_id467,0.894772692316132,0.2221971814365668,-1
n_id468,0.8933005207531833,0.2221971814365668,-1
n_id469,0.8865548988156443,0.2207727949695601,-1
n_id470,0.8782162554107544,0.2189923127129592,-1
n_id471,0.8734701500735822,0.2172118313756107,-1
n_id472,0.8666805827162584,0.2150752549820376,-1
n_id473,0.8472676935246373,0.2083094384636794,-1
n_id474,0.8424556700577638,0.2068850577289792,-1
n_id475,0.8325569642504036,0.2036802032260478,-1
n_id476,0.8214937048185765,0.2004753516989363,-1
n_id477,0.8180110303003209,0.1994070685182355,-1
n_id478,0.814517369427149,0.198694879914444,-1
n_id479,0.8093647689569129,0.197982691457157,-1
n_id480,0.803651864384402,0.1972705031476448,-1
n_id481,0.8002570807057401,0.1969144090487806,-1
n_id482,0.7978181099075008,0.196558314985484,-1
n_id483,0.7904023203181407,0.1962022209594486,-1
n_id484,0.7361846586539276,0.2695583662093536,-1
n_id485,0.7417876996770125,0.2720510781490177,-1
n_id486,0.7474346861198221,0.2741876898171508,-1
n_id487,0.7516095009997191,0.2759682005506717,-1
n_id488,0.7528619454637195,0.2766804051010133,-1
n_id489,0.7579046823844815,0.278460917121318,-1
n_id490,0.7589373997494976,0.278460917121318,-1
n_id491,0.7650458131001323,0.2805975327569288,-1
n_id492,0.7762189360813732,0.2834463556633767,-1
n_id493,0.7824152402715656,0.2848707679977449,-1
n_id494,0.7914679967480254,0.2870073876021035,-1
n_id495,0.8079804882335822,0.2912806307799921,-1
n_id496,0.8315132605304113,0.2973344010063301,-1
n_id497,0.8498604732921837,0.3023198668134709,-1
n_id498,0.8533651205202957,0.3033881818517044,-1
n_id499,0.7276262881501254,0.028486018664979,-1
n_id500,0.7214080112500045,0.0505628448545388,-1
n_id501,0.7175847597284104,0.0644499530411671,-1
n_id502,0.7159477928412865,0.0701472443593015,-1
n_id503,0.7155303113532824,0.0715715686597023,-1
n_id504,0.7112456329238751,0.086527009293619,-1
n_id505,0.7105095471424249,0.0886635061034862,-1
n_id506,0.7091582254839386,0.0925804203569519,-1
n_id507,0.7069719408494682,0.0986338420376276,-1
n_id508,0.7053239876073922,0.1032629363696772,-1
n_id509,0.7023796444815189,0.1110968024609431,-1
n_id510,0.6989958471578093,0.1199989446058465,-1
n_id511,0.691514139438808,0.1392276500067427,-1
n_id512,0.689152073125162,0.1456372422823847,-1
n_id513,0.6798356441299811,0.1705635476305264,-1
n_id514,0.6785941860209329,0.1737683713802134,-1
n_id515,0.6760783107380521,0.1801780278074705,-1
n_id516,0.6728263496736848,0.1897925347697578,-1
n_id517,0.671079519237087,0.1954900330170444,-1
n_id518,0.6679484080771583,0.2079533432249594,-1
n_id519,0.6659269187668628,0.2200606019570837,-1
n_id520,0.6643448836545123,0.2286069278108184,-1
n_id521,0.6638614840368068,0.2307435125809775,-1
n_id522,0.6625870668629139,0.2367971766152573,-1
n_id523,0.6603348640987903,0.2417825549693677,-1
n_id524,0.6567203533211681,0.2478362383668014,-1
n_id525,0.6733646810661034,0.0110383043295775,-1
n_id526,0.6703434334556366,0.0202962642167217,-1
n_id527,0.6686515347937638,0.0231448722548279,-1
n_id528,0.6653995737293966,0.0245691771552369,-1
n_id529,0.6615433631429819,0.0252813298264684,-1
n_id530,0.6583792929181964,0.0270617121470924,-1
n_id531,0.6567093669662158,0.029198172143679,-1
n_id532,0.6555997451165463,0.0324028646189734,-1
n_id533,0.6470084155478513,0.0551918747072436,-1
n_id534,0.6378238228120732,0.0797614447884238,-1
n_id535,0.6302212651886214,0.0993460099927516,-1
n_id536,0.6189492650128464,0.1285450226683735,-1
n_id537,0.6069961108303583,0.1577442823937888,-1
n_id538,0.6062600250489081,0.1598808232930452,-1
n_id539,0.6065127112126528,0.1620173655159233,-1
n_id540,0.6075674012875854,0.1637978183771987,-1
n_id541,0.6116653116829011,0.1655782721577263,-1
n_id542,0.6187295379138982,0.1670026358441286,-1
n_id543,0.621706840104592,0.166646544866742,-1
n_id544,0.6233767660565485,0.1652221813281145,-1
n_id545,0.6259036276943695,0.1581003724514997,-1
n_id546,0.9276438663180344,0.3607215740474715,-1
n_id547,0.9356309463646096,0.3350816784343843,-1
n_id548,0.9460240381446277,0.294841670803566,-1
n_id549,0.9515831337478554,0.2720510781490177,-1
n_id550,0.9526817692425849,0.2667095547675185,-1
n_id551,0.9563292390850276,0.248904536538809,-1
n_id552,0.9573180110302708,0.2435630489835906,-1
n_id553,0.9588011689481718,0.2346605880961071,-1
n_id554,0.8794357408098981,0.4810891858446207,-1
n_id555,0.8920700489991235,0.4565167583610672,-1
n_id556,0.8996176748478502,0.4390668798716259,-1
n_id557,0.9027927314275518,0.4305200328022671,557
n_id558,0.9169211838896064,0.3934839401079291,558
n_id559,0.864966711344481,0.2659973522750148,-1
n_id560,0.8659005515149991,0.2631485437730089,-1
n_id561,0.8681197952143022,0.2553143325196573,-1
n_id562,0.8715365516028927,0.2435630489835906,-1
n_id563,0.875052185186005,0.2310996101718149,-1
n_id564,0.8170442310649702,0.5377132718425468,-1
n_id565,0.8210432642657398,0.5352203680014517,-1
n_id566,0.8256795060534619,0.5316590799241473,-1
n_id567,0.8298213618685263,0.5277416672830856,-1
n_id568,0.8327217595746028,0.524536514794638,-1
n_id569,0.8349739623387624,0.5223997481230394,-1
n_id570,0.8387972138603447,0.5181262187473199,-1
n_id571,0.8430049878051104,0.5131404411650317,-1
n_id572,0.8441915141393974,0.5117159346066688,-1
n_id573,0.8468502120366452,0.5081546707855995,-1
n_id574,0.8516402627935902,0.5024566563161216,-1
n_id575,0.8563643954208819,0.496046401282868,-1
n_id576,0.860791896464596,0.4899922824625975,-1
n_id577,0.8645931752762858,0.4842942979812378,-1
n_id578,0.8688448946408485,0.4771718306096152,-1
n_id579,0.8720968557052036,0.4711177449023279,-1
n_id580,0.8763156160049095,0.4625708184542003,-1
n_id581,0.880358594625476,0.4547361544731192,-1
n_id582,0.8843466414712453,0.4461892685970021,-1
n_id583,0.8881259475730667,0.4379985228293637,-1
n_id584,0.8905978774361989,0.4326567425852329,-1
n_id585,0.8911801542484263,0.4294516784076717,-1
n_id586,0.890707740985661,0.4266027349707775,-1
n_id587,0.1611478543648701,0.7097279860825612,-1
n_id588,0.2012700226318854,0.5900646685025611,-1
n_id589,0.2086089077366041,0.5686966555748227,-1
n_id590,0.2104326426578435,0.5633546730155848,-1
n_id591,0.212684845421967,0.5583688300884743,-1
n_id592,0.7721649711058545,0.5932698818534705,592
n_id593,0.7917096965568541,0.5779561115982057,-1
n_id594,0.8025422425347204,0.5683405231463985,-1
n_id595,0.8260530421216933,0.5480410355111901,-1
n_id596,0.8355672255059301,0.5384255304136745,596
n_id597,0.8434883874228158,0.5305906942178118,-1
n_id598,0.852607062028941,0.5202629827729454,-1
n_id599,0.8611654325327792,0.5092230495460969,-1
n_id600,0.8681857133440035,0.4992515273107379,-1
n_id601,0.8751950078002997,0.4878555371793871,-1
n_id602,0.1923381160598278,0.7841635120892412,-1
n_id603,0.1855155896376714,0.780245812796862,-1
n_id604,0.1767045329700644,0.7745473490386997,-1
n_id605,0.1673111994902298,0.766355823871301,-1
n_id606,0.1596097646723043,0.7592327743153133,-1
n_id607,0.8283052448858168,0.5512462098305034,-1
n_id608,0.8302827887763394,0.5544513871269069,-1
n_id609,0.8323811825712402,0.5590810929222056,-1
n_id610,0.832842609478993,0.5622862774959878,-1
n_id611,0.8314583287556863,0.570121185652664,-1
n_id612,0.8248775021423465,0.5765315782854094,-1
n_id613,0.8256245742787489,0.5790245119693885,-1
n_id614,0.826811100613036,0.5847226528671778,-1
n_id615,0.8399617674847634,0.5978996397281586,-1
n_id616,0.8542550152709809,0.5790245119693885,-1
n_id617,0.8544967150798697,0.5743947794179627,-1
n_id618,0.8538375337830008,0.5704773182644306,-1
n_id619,0.8629452220342338,0.5580126987262302,-1
n_id620,0.9222385796840415,0.3927717114525144,-1
n_id621,0.0424073300960197,0.6431291395478791,-1
n_id622,0.5563380281690062,0.6495396678010352,-1
n_id623,0.5512074004086747,0.6584431990204074,-1
n_id624,0.5449122190239964,0.6680590385390264,-1
n_id625,0.5378809518577958,0.6794556237763555,-1
n_id626,0.5362549713256243,0.6830170643822153,-1
n_id627,0.533420491749213,0.6940575536178153,-1
n_id628,0.5327283513875717,0.6969067178641055,-1
n_id629,0.5306629166574915,0.7058103712949151,-1
n_id630,0.5292566632242682,0.7125771632669781,-1
n_id631,0.5277625189514512,0.7250423411084616,-1
n_id632,0.5332227373602174,0.7253984897082738,-1
n_id633,0.5348816769572096,0.725754638344924,-1
n_id634,0.5399354002329237,0.7261107870188354,-1
n_id635,0.5455164685460561,0.7261107870188354,-1
n_id636,0.5511414822789973,0.7264669357287378,-1
n_id637,0.563424227109944,0.7286038287621701,-1
n_id638,0.5689943090681241,0.7303845739672677,-1
n_id639,0.5766078530465281,0.7339460671339495,-1
n_id640,0.5836061611478118,0.7375075639767936,-1
n_id641,0.5884071982597692,0.7407129142780868,-1
n_id642,0.592098613522009,0.7432059665710166,-1
n_id643,0.3952231328689808,0.6370747626870128,-1
n_id644,0.2819318406538841,0.6823047759677803,-1
n_id645,0.2890839577245232,0.684441641653563,-1
n_id646,0.2949836303311257,0.6858662195130458,-1
n_id647,0.3037617279338761,0.6876469426641335,-1
n_id648,0.3124189756322484,0.6890715218472379,-1
n_id649,0.3188350069214252,0.690139956620305,-1
n_id650,0.3338972995539496,0.6912083917240658,-1
n_id651,0.3421810111840784,0.6908522466522176,-1
n_id652,0.5889015842323547,0.5889962647139276,-1
n_id653,0.5756740128760098,0.6103644033391484,-1
n_id654,0.5699940673682955,0.6192678334835348,-1
n_id655,0.5623695370349875,0.6310203964477236,-1
n_id656,0.5565138098481577,0.6402800197013474,-1
n_id657,0.659697655511862,0.0064093336994156,-1
n_id658,0.6407791522928384,0.0,-1
n_id659,0.2889191624002879,0.5056617882973251,-1
n_id660,0.2847113884555342,0.4931974028678275,-1
n_id661,0.2928962228911652,0.5170578372303359,-1
n_id662,0.3060908351826894,0.5067301662859215,-1
n_id663,0.3220649952758517,0.4942657769977662,-1
n_id664,0.3492672101250281,0.4718299897282838,-1
n_id665,0.3693612533233865,0.4561606375107334,-1
n_id666,0.3747555536024393,0.4529555515035768,-1
n_id667,0.3859616356485128,0.4461892685970021,-1
n_id668,0.3913339632176732,0.4436964308713601,-1
n_id669,0.3944760607325662,0.4426280723958095,-1
n_id670,0.397497308343033,0.4415597142530697,-1
n_id671,0.4010239282810494,0.4415597142530697,-1
n_id672,0.404495616444389,0.4419158335972862,-1
n_id673,0.4080771681571665,0.4433403113429544,-1
n_id674,0.4109775658631707,0.4451209093520912,-1
n_id675,0.4130210278833464,0.4461892685970021,-1
n_id676,0.4163498934323552,0.448682108124311,-1
n_id677,0.4214805211926868,0.4529555515035768,-1
n_id678,0.492891828349194,0.510647555074694,-1
n_id679,0.5808925314758872,0.5822297150658291,-1
n_id680,0.5927358221089494,0.5918453422193857,-1
n_id681,0.598701412845229,0.5968312335137324,-1
n_id682,0.6267056316055573,0.6192678334835348,682
n_id683,0.6781876908879172,0.6623607600337001,-1
n_id684,0.4900024169980818,0.8981348928237761,-1
n_id685,0.4711827909736042,0.927340665023996,-1
n_id686,0.7102568609786439,0.8511212421546897,-1
n_id687,0.7086967985761858,0.8489842732526687,-1
n_id688,0.6961943266462909,0.832957048665779,-1
n_id689,0.684054404429687,0.817642214720869,-1
n_id690,0.6817912153105751,0.809094429979032,-1
n_id691,0.6771110281031043,0.8030397619319831,-1
n_id692,0.6728593087385175,0.7973412605331708,-1
n_id693,0.6686185757289311,0.7916427685445209,-1
n_id694,0.655841444925387,0.7741911953658511,-1
n_id695,0.6538968600997452,0.7716981206886413,-1
n_id696,0.7628265694007811,0.7649312127840873,-1
n_id697,0.7959614159213926,0.7339460671339495,-1
n_id698,0.7448858517720605,0.817642214720869,-1
n_id699,0.7314495396717076,0.7994781974552896,-1
n_id700,0.7197710443628929,0.7834512027962197,-1
n_id701,0.7101579837841221,0.7781088877847977,-1
n_id702,0.6982707477312871,0.7635066022850086,-1
n_id703,0.6852079716991655,0.7467674729701043,-1
n_id704,0.6830656324844679,0.7439182675560467,-1
n_id705,0.6511942167827367,0.8984910592886701,-1
n_id706,0.6550833864340444,0.8988472257904021,-1
n_id707,0.6588187471160809,0.8977787263957199,-1
n_id708,0.2915229285227625,0.5131404411650317,-1
n_id709,0.6020522511041182,0.7506851342543018,-1
n_id710,0.5870778493111153,0.7681365885576876,-1
n_id711,0.5668190107885818,0.7930673906589514,-1
n_id712,0.5479334666344511,0.8172860565999572,712
n_id713,0.5276526554019771,0.843641856785603,-1
n_id714,0.5179407176286843,0.8578883190771782,-1
n_id715,0.6514688756564462,0.9077514002772048,-1
n_id716,0.2927534002768825,0.5494655570634004,716
n_id717,0.2945112170684206,0.5441236042742178,-1
n_id718,0.2957636615323488,0.5373571426122398,-1
n_id719,0.2959504295664644,0.5313029513188132,-1
n_id720,0.2951594120103012,0.5256048986269013,-1
n_id721,0.8060578761178568,0.7011804686441312,-1
n_id722,0.7860517237590803,0.7204124126546766,-1
n_id723,0.626387027312087,0.7645750601045901,-1
n_id724,0.6293643295027327,0.7635066022850086,-1
n_id725,0.6312759552635538,0.7624381447961208,-1
n_id726,0.6334292808332037,0.7613696876383501,-1
n_id727,0.6374393003889016,0.7574520142239178,-1
n_id728,0.6410867702313925,0.7513974367844041,-1
n_id729,0.6455692030498075,0.7417813650391996,-1
n_id730,0.6505899672606772,0.7346583662084931,-1
n_id731,0.6542813825229168,0.7307407231183773,-1
n_id732,0.6653336555997313,0.7197001165199619,-1
n_id733,0.6752543341170322,0.7104402801581677,-1
n_id734,0.6777042912702357,0.7079472515367253,-1
n_id735,0.6878446968864487,0.6976190092928921,-1
n_id736,0.688943332381166,0.6969067178641055,-1
n_id737,0.6952385137658803,0.6908522466522176,-1
n_id738,0.7046757926655116,0.6819486318151844,-1
n_id739,0.7068071455252329,0.6798117676723567,-1
n_id740,0.7131462723297561,0.6737573264532448,-1
n_id741,0.7228032783282996,0.6644976133707616,-1
n_id742,0.726582584430121,0.6612923338616334,-1
n_id743,0.7306585221155444,0.6566624909385366,-1
n_id744,0.7333172200127198,0.6516765131989071,-1
n_id745,0.7356902726813059,0.6470466831762522,-1
n_id746,0.7423699764891918,0.6409922994428001,-1
n_id747,0.7524334776207873,0.6313765353443643,-1
n_id748,0.7639581639603672,0.6203362466442226,-1
n_id749,0.7747467645184365,0.6100082666112825,-1
n_id750,0.7828217354046054,0.603241675762813,-1
n_id751,0.7896222891169056,0.6427729994381302,-1
n_id752,0.7839643163190956,0.6481151049375169,-1
n_id753,0.773637142668779,0.6580870573308657,-1
n_id754,0.7659906396255425,0.6655660405349095,-1
n_id755,0.7551471072927239,0.6755380433558729,-1
n_id756,0.7513787875458426,0.6787433360969835,-1
n_id757,0.7318011030300104,0.6986874467123556,-1
n_id758,0.7197051262331794,0.7100841331025807,-1
n_id759,0.8207246599722816,0.5825858489275417,-1
n_id760,0.8159895409900978,0.5861471895610103,-1
n_id761,0.8109248313594555,0.5865033238266689,-1
n_id762,0.8040803322273343,0.5847226528671778,-1
n_id763,0.8001362308013258,0.5868594581287419,-1
n_id764,0.7569378831491428,0.6780310485636927,-1
n_id765,0.7668805343763119,0.6908522466522176,-1
n_id766,0.7814594273911429,0.7097279860825612,-1
n_id767,0.783261189602502,0.7161386380566591,-1
n_id768,0.8101997319329092,0.2788170196352997,-1
n_id769,0.8129133616048699,0.2674217574082206,-1
n_id770,0.8164509678978626,0.2538899323836949,-1
n_id771,0.8190547340203373,0.2460557421478126,-1
n_id772,0.8218782272417602,0.2371532748310676,-1
n_id773,0.8247127068181112,0.2282508304782695,-1
n_id774,0.8292280987013949,0.2143630631445613,-1
n_id775,0.7495880116894961,0.7489043785737084,-1
n_id776,0.7462371734306069,0.7446305686888517,-1
n_id777,0.7424249082639047,0.7400006139531738,-1
n_id778,0.7344378282173658,0.7296722757747152,-1
n_id779,0.7308782492144926,0.7250423411084616,-1
n_id780,0.721331106765375,0.712221015990364,-1
n_id781,0.963712069609531,0.2051045826383967,781
n_id782,0.9673595394519738,0.1794658431720034,782
n_id783,0.9738634615806964,0.125696327629453,-1
n_id784,0.9759728417305252,0.1143015709881685,-1
n_id785,0.9800927248357452,0.0932925870621299,-1
n_id786,0.5699611083034748,0.8151491086501983,-1
n_id787,0.4848388301728934,0.8959978948075829,-1
n_id788,0.4783129353343147,0.893860898113741,-1
n_id789,0.4656566544351728,0.8906554055544513,-1
n_id790,0.4229966381753963,0.8781896294656111,-1
n_id791,0.390444068466976,0.8682170410161564,-1
n_id792,0.3705697523675539,0.8618061065182726,792
n_id793,0.3454219858935053,0.8546828599331961,-1
n_id794,0.3273384456504661,0.8486281118972252,-1
n_id795,0.3230977126408918,0.8468473056734226,-1
n_id796,0.3144624376524361,0.844354178503562,-1
n_id797,0.3065632484454307,0.8411487319310218,-1
n_id798,0.2843048933224702,0.8315324100822938,-1
n_id799,0.2683307332293441,0.824053067170299,-1
n_id800,0.2509503197029344,0.8147929507879983,800
n_id801,0.211707059831664,0.794848169130735,-1
n_id802,0.2047746698600335,0.7912866131072669,-1
n_id803,0.4222385796840536,1.0,-1
n_id804,0.6722440728615178,0.828326975420655,-1
n_id805,0.6527323064753145,0.8468473056734226,-1
n_id806,0.6601590824196268,0.8564636702011161,-1
n_id807,0.6557974995056263,0.8603814560247329,-1
n_id808,0.6797477532904115,0.8386556088793775,-1
n_id809,0.7686273648128978,0.7952043249342502,-1
n_id810,0.7724945617542648,0.7916427685445209,-1
n_id811,0.7786469205246723,0.7855881311169148,-1
n_id812,0.7775812440947996,0.7841635120892412,-1
n_id813,0.7644525499329646,0.767068129635935,-1
n_id814,0.6620926808903285,0.8959978948075829,-1
n_id815,0.665410560084397,0.8935047321264685,-1
n_id816,0.6352530157544432,0.8632307575986772,-1
n_id817,0.6364615147986106,0.8714225127315803,-1
n_id818,0.6385818813034159,0.8799704518637658,-1
n_id819,0.6409109885522051,0.8867375853598601,-1
n_id820,0.6437125090637354,0.8927924002632841,-1
n_id821,0.6473050471314532,0.8967102273321548,821
n_id822,0.3657577289006684,0.8226284322633997,-1
n_id823,0.3660983059040912,0.8272584978619196,-1
n_id824,0.3667465008459718,0.8318885696733318,-1
n_id825,0.3680868361494936,0.8379432883381124,-1
n_id826,0.3714596471182632,0.8500527575383323,-1
n_id827,0.3715585243127971,0.8518335654168738,-1
n_id828,0.8116719034958579,0.4030990413577172,-1
n_id829,0.8220430225659352,0.4041673875942133,-1
n_id830,0.8362703522225237,0.4055918497583222,-1
n_id831,0.8431258377095368,0.4070163125101428,-1
n_id832,0.850651490848347,0.4084407758492517,-1
n_id833,0.8589132297685833,0.4105774719615682,-1
n_id834,0.8669442552349915,0.413426402168597,-1
n_id835,0.8752499395750127,0.4169875682351669,-1
n_id836,0.8812155303113648,0.4194803866683668,-1
n_id837,0.8857858539693735,0.4219732069019632,-1
n_id838,0.8891696512930832,0.4237537938855771,-1
n_id839,0.4063303377205204,0.4358618097398843,-1
n_id840,0.4071103689218157,0.4340812165090809,-1
n_id841,0.4079343455428116,0.4323006241962596,-1
n_id842,0.4090659401024097,0.4305200328022671,-1
n_id843,0.4106809342796411,0.4287394423279503,-1
n_id844,0.421799125486121,0.4176998018895188,-1
n_id845,0.4233152424688303,0.4169875682351669,-1
n_id846,0.4251389773900578,0.416275334727743,-1
n_id847,0.4271824394102215,0.416275334727743,-1
n_id848,0.4302476324405212,0.4166314514632477,-1
n_id849,0.4335545252795892,0.4180559187719515,-1
n_id850,0.436367032146072,0.4198365037345652,-1
n_id851,0.4382456988420485,0.4212609723651969,-1
n_id852,0.4395420887257736,0.4226854415856574,-1
n_id853,0.4434642174419498,0.428027206395157,-1
n_id854,0.445485706752185,0.4305200328022671,-1
n_id855,0.4481553910043609,0.4333689794732696,-1
n_id856,0.4517699017820072,0.4365740472888849,-1
n_id857,0.4572850519654744,0.4412035949461144,-1
n_id858,0.4618553756234831,0.4447647896759107,-1
n_id859,0.4675353211311374,0.4479698680762652,-1
n_id860,0.4727098943112658,0.4501065886633034,-1
n_id861,0.478126167300211,0.4518871901622964,-1
n_id862,0.4253477181340418,0.7716981206886413,-1
n_id863,0.4399266111489451,0.7652873655008456,-1
n_id864,0.4621190481422041,0.7556712550505044,-1
n_id865,0.4723253718881185,0.7656435182544419,-1
n_id866,0.4444859484520257,0.7777527337452644,-1
n_id867,0.4222385796840536,0.7877250607608081,-1
n_id868,0.46890861549954,0.782382739132548,-1
n_id869,0.4548790402320074,0.7880812158296837,-1
n_id870,0.4273582210893969,0.8009028228046751,-1
n_id871,0.4461339016940656,0.791998924017766,-1
n_id872,0.5855068005536928,0.5138526946639699,-1
n_id873,0.5955922743951927,0.5213313652824338,-1
n_id874,0.5821999077145885,0.5426990849271968,-1
n_id875,0.5722352837775511,0.5337958523288993,-1
n_id876,0.6936674650084698,0.0178037341111727,-1
n_id877,0.713805453626589,0.0242131008761482,-1
n_id878,0.7433148030146621,0.0334710961047532,-1
n_id879,0.7616290567115538,0.0388122584957517,-1
n_id880,0.7684515831337344,0.0409487257671765,-1
n_id881,0.8175166443277354,0.0544797158637685,-1
n_id882,0.8419063523104051,0.0612452308068266,-1
n_id883,0.8492012919953509,0.0630256316810188,-1
n_id884,0.8648019160202818,0.0676546782509043,-1
n_id885,0.8742831403396619,0.0694350824311867,-1
n_id886,0.5947682977741247,0.7449867193105109,-1
n_id887,0.5962514556920135,0.7460551713965156,-1
n_id888,0.5983059040671295,0.7478359256065594,-1
n_id889,0.956856584122518,0.0875952575338409,-1
n_id890,0.9026718815231254,0.0765567083363709,-1
n_id891,0.9266770670826596,0.0815418552146254,-1
n_id892,0.9648436641691052,0.2360849802954204,-1
n_id893,0.8978708444112041,0.428027206395157,-1
n_id894,0.7755158093647435,0.6605800499308292,-1
n_id895,0.7340093603744335,0.7563835586095256,-1
n_id896,0.7728241524027234,0.725754638344924,-1
n_id897,0.3365450110961849,0.8033959185823454,-1
n_id898,0.34101645755972,0.8062451731046301,-1
n_id899,0.3453011359890791,0.8083821155405688,-1
n_id900,0.3499044187119565,0.810875216721969,-1
n_id901,0.354200083496316,0.8126560043820412,-1
n_id902,0.6402298345455039,0.3187007337470927,-1
n_id903,0.6657071916679146,0.3211934811827673,-1
n_id904,0.6968644942980398,0.3243984448188561,-1
n_id905,0.729724681945014,0.7738350417298405,-1
n_id906,0.7557074113950107,0.7271792332594795,-1
n_id907,0.700632814044945,0.7873689057283468,-1
n_id908,0.6972050713014024,0.8044643887523417,-1
n_id909,0.7475555360242364,0.0163794320028178,-1
n_id910,0.8451473270198321,0.1808902125902888,-1
n_id911,0.8472676935246373,0.1808902125902888,-1
n_id912,0.8492452374151116,0.1808902125902888,-1
n_id913,0.8511458768209927,0.1801780278074705,-1
n_id914,0.8517281536331719,0.1801780278074705,-1
n_id915,0.8532882160356542,0.1801780278074705,-1
n_id916,0.8553316780558178,0.1805341201800373,-1
n_id917,0.857649798949703,0.1816023975191882,-1
n_id918,0.8025422425347204,0.1609490942389257,-1
n_id919,0.8165278723825042,0.1659343630250228,-1
n_id920,0.8076618839401359,0.162729546550174,-1
n_id921,0.7938080903517428,0.1577442823937888,-1
n_id922,0.8521785941860087,0.2492606360032951,-1
n_id923,0.8511239041110641,0.2485484371120077,-1
n_id924,0.8505306409439326,0.2474801390492432,-1
n_id925,0.8506405044933947,0.2464118413184428,-1
n_id926,0.8514205356946539,0.2439191478967793,-1
n_id927,0.8519698534420006,0.2428508512677267,-1
n_id928,0.8524642394146583,0.2417825549693677,-1
n_id929,0.8532992023905823,0.2410703576206119,-1
n_id930,0.8547823603084832,0.240714259001279,-1
n_id931,0.8611764188877074,0.2432069501080865,-1
n_id932,0.862802399419891,0.2439191478967793,-1
n_id933,0.8636593351057796,0.2439191478967793,-1
n_id934,0.8642855573377678,0.2439191478967793,-1
n_id935,0.8649227659246962,0.2428508512677267,-1
n_id936,0.8655599745116486,0.2417825549693677,-1
n_id937,0.8661861967436488,0.2417825549693677,-1
n_id938,0.8668563643954218,0.2417825549693677,-1
n_id939,0.8753268440596663,0.2663534535030595,-1
n_id940,0.881643998154261,0.2684900616436519,-1
n_id941,0.9047483026081458,0.2766804051010133,-1
n_id942,0.8848080683790825,0.2343044901390085,-1
n_id943,0.8403682626178153,0.1452811535101873,-1
n_id944,0.8426314517369272,0.1420763562151501,-1
n_id945,0.8458394673814734,0.1303254582611707,-1
n_id946,0.9473533870932092,0.264929048811061,-1
n_id947,0.933027180242099,0.259943637019625,-1
n_id948,0.7450616334512481,0.2984027145016086,-1
n_id949,0.7340093603744335,0.2934172543526752,-1
n_id950,0.8936740568214147,0.3521749210102104,-1
n_id951,0.9070005053723056,0.3553799134187687,-1
n_id952,0.9086154995495368,0.3557360238698228,-1
n_id953,0.9226011293972726,0.3589410195861652,-1
n_id954,0.568829513743949,0.3685560245926522,-1
n_id955,0.6416141152688468,0.3817321860726278,-1
n_id956,0.5452747687372275,0.4323006241962596,-1
n_id957,0.6130935378260047,0.5024566563161216,-1
n_id958,0.6176309024191808,0.4899922824625975,-1
n_id959,0.6225418030805401,0.4764595846802179,-1
n_id960,0.6265847817011428,0.4654197915845101,-1
n_id961,0.6277053899057164,0.457941242133321,-1
n_id962,0.6727933906088643,0.5031689076098704,-1
n_id963,0.6716837687592068,0.5056617882973251,-1
n_id964,0.6710026147524695,0.5067301662859215,-1
n_id965,0.6570389576146383,0.5266732827890115,-1
n_id966,0.7157170793874101,0.4761034617716227,-1
n_id967,0.7158269429368722,0.4818014327292612,-1
n_id968,0.7160576563907728,0.4946219017804334,-1
n_id969,0.6857792621563925,0.4956902763520026,-1
n_id970,0.7450396607413676,0.4939096522506665,-1
n_id971,0.6664542638043411,0.1940656575738669,-1
n_id972,0.6606205093273798,0.1937095638040027,-1
n_id973,0.6557096086660326,0.1926412827175543,-1
n_id974,0.6521500296631353,0.1915730019613761,-1
n_id975,0.6367032146074513,0.1862316031421611,-1
n_id976,0.6276834171958481,0.1844511387061826,-1
n_id977,0.6213113313264803,0.1840950459292464,-1
n_id978,0.6149282591021843,0.1844511387061826,-1
n_id979,0.6076992375469519,0.1862316031421611,-1
n_id980,0.60266748698113,0.189080348150552,-1
n_id981,0.599624266660783,0.1933534700718232,-1
n_id982,0.5745314319614716,0.2375093730815987,-1
n_id983,0.785831996660156,0.2464118413184428,-1
n_id984,0.7820087451385016,0.2456996430135969,-1
n_id985,0.7791522928522582,0.2456996430135969,-1
n_id986,0.7772077080266164,0.2460557421478126,-1
n_id987,0.7752631232009626,0.2467679405246405,-1
n_id988,0.7736591153786835,0.2467679405246405,-1
n_id989,0.7657599261716901,0.2442752468468059,-1
n_id990,0.7639032321856181,0.2432069501080865,-1
n_id991,0.763134187339299,0.2410703576206119,-1
n_id992,0.7634527916327692,0.2389337664567589,-1
n_id993,0.7686713102326826,0.2214849881289644,-1
n_id994,0.8957175188416144,0.3176324139673635,-1
n_id995,0.7957856342422773,0.4038112721454924,-1
n_id996,0.7904792248027943,0.4041673875942133,-1
n_id997,0.7861176418887454,0.4041673875942133,-1
n_id998,0.783052448858506,0.4048796186034389,-1
n_id999,0.7799213376985652,0.4059479653912323,-1
n_id1000,0.7768561446683377,0.4077285441062332,-1
n_id1001,0.7729120432422569,0.4102213558510366,-1
n_id1002,0.7694293687240253,0.413426402168597,-1
n_id1003,0.7667047526971364,0.4155631013676705,-1
n_id1004,0.763848300410905,0.4173436850439239,-1
n_id1005,0.7608490255102947,0.4184120356903751,-1
n_id1006,0.7572455010876006,0.4187681526464835,-1
n_id1007,0.7534332359209466,0.4191242696394296,-1
n_id1008,0.729461009426293,0.4198365037345652,-1
n_id1009,0.7577398870602583,0.5765315782854094,-1
n_id1010,0.6907890400122858,0.5939821518917516,-1
n_id1011,0.6930742018412661,0.5964750981818936,-1
n_id1012,0.695535145349458,0.5996803174878302,-1
n_id1013,0.708663839511281,0.6185555582265596,-1
n_id1014,0.6606644547472128,0.614994184147297,-1
n_id1015,0.6524246885367966,0.6085837200673505,-1
n_id1016,0.6504031992265493,0.6075153105442934,-1
n_id1017,0.6481509964623776,0.6075153105442934,-1
n_id1018,0.6458548482784572,0.6089398566474417,-1
n_id1019,0.6435806728043809,0.6121450875297751,-1
n_id1020,0.6506119399705574,0.5957628276299998,-1
n_id1021,0.6499307859637962,0.5939821518917516,-1
n_id1022,0.6505460218408561,0.5918453422193857,-1
n_id1023,0.6592472149590252,0.5786683784760543,-1
n_id1024,0.6603788095185632,0.578312245018711,-1
n_id1025,0.66175210388699,0.578312245018711,-1
n_id1026,0.4339280613478086,0.7310968723063248,-1
n_id1027,0.433697347893896,0.6908522466522176,-1
n_id1028,0.4005075695985715,0.5049495364886933,-1
n_id1029,0.4016171914482169,0.5038811590509708,-1
n_id1030,0.4029794994616433,0.5031689076098704,-1
n_id1031,0.4044626573795202,0.5031689076098704,-1
n_id1032,0.4061875151062377,0.5038811590509708,-1
n_id1033,0.4079782909626326,0.5049495364886933,-1
n_id1034,0.4387620575245263,0.5302345657217211,-1
n_id1035,0.4402452154424032,0.5316590799241473,-1
n_id1036,0.4410142602887222,0.5330835947142852,-1
n_id1037,0.4411900419678857,0.534508110092135,-1
n_id1038,0.4409813012238776,0.5362887551414989,-1
n_id1039,0.4402452154424032,0.5377132718425468,-1
n_id1040,0.4504405528333411,0.5394939185458028,-1
n_id1041,0.4393443343367779,0.5615740140004456,-1
n_id1042,0.4381358352925864,0.5612178823075078,-1
n_id1043,0.4368504317637655,0.5608617506509845,-1
n_id1044,0.4358067280437731,0.5608617506509845,-1
n_id1045,0.4348179560985299,0.5615740140004456,-1
n_id1046,0.4339280613478086,0.5626424092994391,-1
n_id1047,0.4233152424688303,0.578312245018711,-1
n_id1048,0.394355210828176,0.6463344021848534,-1
n_id1049,0.3942343609237496,0.6470466831762522,-1
n_id1050,0.3938608248555303,0.6484712455985632,-1
n_id1051,0.393124739074044,0.6491835270298989,-1
n_id1052,0.3919491990947332,0.6495396678010352,-1
n_id1053,0.3906418228559837,0.6498958086085859,-1
n_id1054,0.3532552569708336,0.6498958086085859,-1
n_id1055,0.408209004416497,0.6858662195130458,-1
n_id1056,0.4129111643338843,0.686222364070011,-1
n_id1057,0.4170310474390563,0.6869346532940317,-1
n_id1058,0.4216672892267543,0.6876469426641335,-1
n_id1059,0.4320384082968799,0.6904961016176308,-1
n_id1060,0.4445518665816909,0.6940575536178153,-1
n_id1061,0.4533189778295372,0.6972628635600799,-1
n_id1062,0.464217441937129,0.7022489071666127,-1
n_id1063,0.4657005998549577,0.7029611996975704,-1
n_id1064,0.4793786117642116,0.7093718391006498,-1
n_id1065,0.4961877348333339,0.7161386380566591,-1
n_id1066,0.5023950253784906,0.7186316725945971,-1
n_id1067,0.5086133022785633,0.7204124126546766,-1
n_id1068,0.5168201094240867,0.7229054502806418,-1
n_id1069,0.525015930214694,0.7246861925446402,-1
n_id1070,0.4535936367031985,0.7243300440189271,-1
n_id1071,0.4658324361143604,0.7243300440189271,-1
n_id1072,0.4229746654654678,0.7303845739672677,-1
n_id1073,0.4110544703478243,0.7303845739672677,-1
n_id1074,0.4107798114741751,0.7050980781758222,-1
n_id1075,0.7870295093493712,0.5993241818621355,-1
n_id1076,0.7977302190679191,0.6132134984856972,-1
n_id1077,0.7971589286106199,0.5893523992738655,-1
n_id1078,0.8069697435784706,0.6025294038136219,-1
n_id1079,0.5873744808947171,0.74854822754895,-1
n_id1080,0.597306145766934,0.7371514141270353,-1
n_id1081,0.8437740326514174,0.0534114778750515,-1
n_id1082,0.8512117949506579,0.0555479541840261,-1
n_id1083,0.7229790600074872,0.074064137597415,-1
n_id1084,0.7310210718287753,0.0765567083363709,-1
n_id1085,0.7338775241150187,0.0765567083363709,-1
n_id1086,0.7367120036914179,0.0751323819802494,-1
n_id1087,0.740117773725008,0.072639812269789,-1
n_id1088,0.7435235437586702,0.0712154875294512,-1
n_id1089,0.747577508734141,0.0712154875294512,-1
n_id1090,0.7578607369646847,0.0737080562109927,-1
n_id1091,0.7172661554349402,0.089019589033287,-1
n_id1092,0.7204741710795225,0.0897317550042487,-1
n_id1093,0.723495418689953,0.0900878380449864,-1
n_id1094,0.7263408846212924,0.0911560873865328,-1
n_id1095,0.7314055942519468,0.0932925870621299,-1
n_id1096,0.7130364087802699,0.1014825147379976,-1
n_id1097,0.7213640658302318,0.1057555281968141,-1
n_id1098,0.6955900771242312,0.148485953781468,-1
n_id1099,0.696985344202466,0.1491981320240879,-1
n_id1100,0.6976774845641556,0.1502663996626079,-1
n_id1101,0.6979741161477575,0.1520468464625767,-1
n_id1102,0.697589593724586,0.1538272941805275,-1
n_id1103,0.6969413987827053,0.1566760124408363,-1
n_id1104,0.6968425215881714,0.1588125526787053,-1
n_id1105,0.6972380303662831,0.1605930038869355,-1
n_id1106,0.6984355430555225,0.1620173655159233,-1
n_id1107,0.7255059216453081,0.1741244630922396,-1
n_id1108,0.7233306233657659,0.1207111169696555,-1
n_id1109,0.6860978664498748,0.1734122797050249,-1
n_id1110,0.6965568763595218,0.1780414743422765,-1
n_id1111,0.6790006811539968,0.1926412827175543,-1
n_id1112,0.6823405330579337,0.1940656575738669,-1
n_id1113,0.6870317066203568,0.1958461269694041,-1
n_id1114,0.6812858429829771,0.196558314985484,-1
n_id1115,0.6777702093999249,0.2083094384636794,-1
n_id1116,0.6710245874623378,0.2325240009005786,-1
n_id1117,0.676287051482036,0.2339483922183244,-1
n_id1118,0.6990727516424629,0.2449874448569491,-1
n_id1119,0.6813297884028102,0.2186362163716445,-1
n_id1120,0.6625541077981054,0.1901486281352526,-1
n_id1121,0.6577310979763158,0.1869437891740787,-1
n_id1122,0.6405044934191411,0.1787536586838877,-1
n_id1123,0.6389773900815154,0.1773292901480168,-1
n_id1124,0.6384280723341448,0.1751927384463815,-1
n_id1125,0.6385818813034159,0.1734122797050249,-1
n_id1126,0.649403440926378,0.144212887414199,-1
n_id1127,0.6551273318538051,0.1292571967953175,-1
n_id1128,0.6560172266045745,0.1278328486883573,-1
n_id1129,0.656764298740977,0.1271206748539988,-1
n_id1130,0.6580497022697498,0.1264085011682619,-1
n_id1131,0.6596317373821606,0.1264085011682619,-1
n_id1132,0.661653226692444,0.1267645879931349,-1
n_id1133,0.6825932192217026,0.1356667705533822,-1
n_id1134,0.6866361978422812,0.1374472098210715,-1
n_id1135,0.670101733646796,0.1698513649792216,-1
n_id1136,0.6634769616136834,0.1876559753525007,-1
n_id1137,0.674012876007984,0.1716318218829206,-1
n_id1138,0.6941728373359954,0.1178624283972578,-1
n_id1139,0.6890641822855923,0.1157259135110203,-1
n_id1140,0.6840104590098781,0.1157259135110203,-1
n_id1141,0.6801432620685232,0.1175063424903668,-1
n_id1142,0.7033244710070014,0.086883092002816,-1
n_id1143,0.7013249544066225,0.086883092002816,-1
n_id1144,0.7000725099426461,0.0875952575338409,-1
n_id1145,0.6988640108984547,0.089019589033287,-1
n_id1146,0.6967106853288049,0.0957851716889512,-1
n_id1147,0.6968644942980398,0.0979216742298548,-1
n_id1148,0.6979191843729964,0.0993460099927516,-1
n_id1149,0.700017578167873,0.1011264305218364,-1
n_id1150,0.7092021709036994,0.0616013109085821,-1
n_id1151,0.6905583265584094,0.0712154875294512,-1
n_id1152,0.6965898354244026,0.0733519748605614,-1
n_id1153,0.7014348179561087,0.0747763004820433,-1
n_id1154,0.7028190986794034,0.0751323819802494,-1
n_id1155,0.7041594339829976,0.0751323819802494,-1
n_id1156,0.7054008920920096,0.0737080562109927,-1
n_id1157,0.7062798004877546,0.0715715686597023,-1
n_id1158,0.7139482762408836,0.0445095074914431,-1
n_id1159,0.620267627606488,0.3165640945200216,-1
n_id1160,0.5119531541824881,0.4479698680762652,-1
n_id1161,0.5169958911032742,0.448682108124311,-1
n_id1162,0.5194897936762626,0.4493943483201316,-1
n_id1163,0.5210718287886373,0.4504627088890877,-1
n_id1164,0.5217859418602071,0.4522433105731165,-1
n_id1165,0.5216870646656733,0.4547361544731192,-1
n_id1166,0.5150073608578115,0.4803769391081782,-1
n_id1167,0.6958537496429282,0.3336572453755558,-1
n_id1168,0.6953044318955816,0.3361500036148795,-1
n_id1169,0.6938102876227645,0.3400671987729597,-1
n_id1170,0.6917338665377442,0.3457649451226705,-1
n_id1171,0.6835270593922207,0.3667754660884988,-1
n_id1172,0.6446573355892058,0.4490382282035906,-1
n_id1173,0.6457449847289709,0.4472576281747239,-1
n_id1174,0.6475247742304016,0.4465453884192638,-1
n_id1175,0.6574124936828576,0.4465453884192638,-1
n_id1176,0.5244995715321439,0.4956902763520026,-1
n_id1177,0.6091274636900916,0.3133591381600412,-1
n_id1178,0.6126870426929648,0.31478356284059,-1
n_id1179,0.6168288985080171,0.3158518817374814,-1
n_id1180,0.7751972050712612,0.5280977955213115,-1
n_id1181,0.7759882226275089,0.5305906942178118,-1
n_id1182,0.7761969633714929,0.533439723503385,-1
n_id1183,0.7753620003954966,0.5359326260576964,-1
n_id1184,0.7740326514469149,0.5377132718425468,-1
n_id1185,0.7702643317000095,0.5409184365700489,-1
n_id1186,0.6723099909911588,0.5633546730155848,-1
n_id1187,0.6761442288677535,0.5672721260829995,-1
n_id1188,0.6836698820065155,0.572970247574869,-1
n_id1189,0.6881303421150983,0.5765315782854094,-1
n_id1190,0.7568939377293098,0.6374309022082032,-1
n_id1191,0.7687921601370729,0.6267467325567284,-1
n_id1192,0.7273296565665236,0.670552038343963,-1
n_id1193,0.7391619608445974,0.6595116243096363,-1
n_id1194,0.6982268023115143,0.7104402801581677,-1
n_id1195,0.6737382171343347,0.7296722757747152,-1
n_id1196,0.904704357188385,0.0712154875294512,-1
n_id1197,0.98259761376371,0.0829661842162966,1197
n_id1198,0.2150139526707924,0.554807518121196,-1
n_id1199,0.2183757772846097,0.551958471194532,-1
n_id1200,0.2221770560963235,0.5494655570634004,-1
n_id1201,0.2285821010304999,0.5459042542848342,-1
n_id1202,0.2492913801059182,0.5352203680014517,-1
n_id1203,0.2782843708114775,0.5202629827729454,-1
n_id1204,0.3688558809958007,0.6880030874048646,-1
n_id1205,0.3824240293555201,0.6865785086629673,-1
n_id1206,0.3933224934630998,0.686222364070011,-1
n_id1207,0.4015842323833843,0.686222364070011,-1
n_id1208,0.3268440596779047,0.5266732827890115,-1
n_id1209,0.3261299466062987,0.5416306958025638,-1
n_id1210,0.3183516073037317,0.5622862774959878,-1
n_id1211,0.2993671859550549,0.6238976262373054,-1
n_id1212,0.2970820241260505,0.6370747626870128,-1
n_id1213,0.2940607765155959,0.6506080903342009,-1
n_id1214,0.6839774999450454,0.5825858489275417,-1
n_id1215,0.6676517764935563,0.570121185652664,-1
n_id1216,1.0,0.0975655903808019,-1
n_id1217,0.7076750675660497,0.557656567400824,-1
n_id1218,0.7036540616554117,0.5551636491531697,-1
n_id1219,0.6839994726549259,0.5409184365700489,-1
n_id1220,0.6731669266770355,0.4996076526082881,-1
n_id1221,0.6225857485003732,0.8529020505845284,-1
n_id1222,0.6232998615718828,0.8650115722786693,-1
n_id1223,0.3759750390015589,0.5861471895610103,-1
n_id1224,0.4015952187383366,0.6997558844625129,-1
n_id1225,0.4117466107095018,0.7043857852032338,-1
n_id1226,0.4075058776998672,0.7072349579764252,-1
n_id1227,0.4040671486014446,0.7100841331025807,-1
