c,step,id,x,y
150665,20569,2170,0.6999401944390162,0.1175145423419895
150666,20569,2189,0.5645064782105443,0.4881628187262683
150667,20569,2183,0.6043426222385463,0.37688306493606155
150668,20569,2314,0.6081174649548342,0.36657928748150254
150669,20569,2243,0.6272944257313893,0.6996184972719586
150670,20569,2319,0.5306513364558644,0.7058660944053828
150671,20569,2299,0.7741108974274102,0.1222714886240871
150672,20569,2265,0.4141193783216106,0.6527277201117063
150673,20569,2219,0.546309981286662,0.5197249038694635
150674,20569,2335,0.9206763487161439,0.3820103106793274
150675,20569,2353,0.7611297647412191,0.1582572188328884
150676,20569,2180,0.6914023026722689,0.017048921531135262
150677,20569,2240,0.6372753917131365,0.709665918683875
150678,20569,2304,0.6221919493136946,0.32817342347635936
150679,20569,2349,0.3053172915341691,0.840671034528891
150680,20569,2184,0.310707432553979,0.5031279069817178
150681,20569,2186,0.4102547914098505,0.8158709688946045
150682,20569,2282,0.6035097194293104,0.37922053717367504
150683,20569,2268,0.6177127900492315,0.813072972777813
150684,20569,2176,0.4377812140447256,0.8086635022382762
150685,20569,2223,0.5501208239245058,0.5137859616664818
